mock_id,section,question_no,question,option_a,option_b,option_c,option_d,correct_option,correct_answer,marks
ADRE_G3_MOCK_01,General Mathematics,1,What is 25% of 240?,40,50,60,70,C,60,1
ADRE_G3_MOCK_01,General Mathematics,2,"If x + 7 = 19, what is x?",10,11,12,13,C,12,1
ADRE_G3_MOCK_01,General Mathematics,3,"The average of 12, 18 and 24 is:",16,18,20,22,B,18,1
ADRE_G3_MOCK_01,General Mathematics,4,A sum of Rs 5000 earns simple interest at 8% per annum for 2 years. Interest is:,Rs 600,Rs 700,Rs 800,Rs 900,C,Rs 800,1
ADRE_G3_MOCK_01,General Mathematics,5,A shopkeeper buys an article for Rs 800 and sells it for Rs 920. Profit percentage is:,10%,12%,15%,20%,C,15%,1
ADRE_G3_MOCK_01,General Mathematics,6,The ratio 36:48 in simplest form is:,2:3,3:4,4:5,5:6,B,3:4,1
ADRE_G3_MOCK_01,General Mathematics,7,What is the LCM of 12 and 18?,24,30,36,42,C,36,1
ADRE_G3_MOCK_01,General Mathematics,8,A train travels 180 km in 3 hours. Its average speed is:,50 km/h,60 km/h,70 km/h,80 km/h,B,60 km/h,1
ADRE_G3_MOCK_01,General Mathematics,9,"If 3/5 of a number is 42, the number is:",60,65,70,75,C,70,1
ADRE_G3_MOCK_01,General Mathematics,10,The perimeter of a square of side 9 cm is:,18 cm,27 cm,36 cm,81 cm,C,36 cm,1
ADRE_G3_MOCK_01,General Knowledge,11,Who is known as the architect of the Indian Constitution?,Mahatma Gandhi,B. R. Ambedkar,Jawaharlal Nehru,Rajendra Prasad,B,B. R. Ambedkar,1
ADRE_G3_MOCK_01,General Knowledge,12,The capital of Assam is:,Guwahati,Jorhat,Dispur,Tezpur,C,Dispur,1
ADRE_G3_MOCK_01,General Knowledge,13,Kaziranga National Park is especially famous for:,Asiatic lion,One-horned rhinoceros,Snow leopard,Wild buffalo only,B,One-horned rhinoceros,1
ADRE_G3_MOCK_01,General Knowledge,14,The Brahmaputra enters Assam near:,Sadiya,Dibrugarh,Guwahati,Silchar,A,Sadiya,1
ADRE_G3_MOCK_01,General Knowledge,15,The Indian national song is:,Jana Gana Mana,Vande Mataram,Sare Jahan Se Achha,Ae Mere Watan,B,Vande Mataram,1
ADRE_G3_MOCK_01,General Knowledge,16,The currency of Japan is:,Won,Yuan,Yen,Ringgit,C,Yen,1
ADRE_G3_MOCK_01,General Knowledge,17,Which planet is known as the Red Planet?,Venus,Mars,Jupiter,Mercury,B,Mars,1
ADRE_G3_MOCK_01,General Knowledge,18,The largest ocean on Earth is:,Atlantic,Indian,Arctic,Pacific,D,Pacific,1
ADRE_G3_MOCK_01,General Knowledge,19,Who was the first President of India?,Rajendra Prasad,S. Radhakrishnan,Zakir Husain,V. V. Giri,A,Rajendra Prasad,1
ADRE_G3_MOCK_01,General Knowledge,20,The Constitution of India came into force on:,15 August 1947,26 November 1949,26 January 1950,2 October 1950,C,26 January 1950,1
ADRE_G3_MOCK_01,Reasoning,21,"Find the next number: 2, 4, 8, 16, ?",20,24,32,36,C,32,1
ADRE_G3_MOCK_01,Reasoning,22,"If CAT is coded as DBU, DOG is coded as:",EPH,EOG,DPH,FPI,A,EPH,1
ADRE_G3_MOCK_01,Reasoning,23,Which one is different from the others?,Apple,Mango,Carrot,Banana,C,Carrot,1
ADRE_G3_MOCK_01,Reasoning,24,"A is taller than B, and B is taller than C. Who is shortest?",A,B,C,Cannot determine,C,C,1
ADRE_G3_MOCK_01,Reasoning,25,"If today is Monday, what day will it be after 10 days?",Wednesday,Thursday,Friday,Saturday,B,Thursday,1
ADRE_G3_MOCK_01,Reasoning,26,Book is to Reading as Fork is to:,Writing,Eating,Walking,Drawing,B,Eating,1
ADRE_G3_MOCK_01,Reasoning,27,"Find the missing number: 5, 10, 20, 40, ?",60,70,80,100,C,80,1
ADRE_G3_MOCK_01,Reasoning,28,"If SOUTH is written as HTUOS, NORTH is written as:",HTRON,NROTH,HRTON,TRHON,A,HTRON,1
ADRE_G3_MOCK_01,Reasoning,29,How many sides does a hexagon have?,5,6,7,8,B,6,1
ADRE_G3_MOCK_01,Reasoning,30,A clock shows 3:00. The angle between the hands is:,60°,90°,120°,180°,B,90°,1
ADRE_G3_MOCK_01,English Language,31,Choose the synonym of 'rapid'.,Slow,Quick,Weak,Late,B,Quick,1
ADRE_G3_MOCK_01,English Language,32,Choose the antonym of 'ancient'.,Old,Historic,Modern,Past,C,Modern,1
ADRE_G3_MOCK_01,English Language,33,Choose the correctly spelled word.,Enviroment,Environment,Environmant,Enviornment,B,Environment,1
ADRE_G3_MOCK_01,English Language,34,Fill in the blank: She ___ to school every day.,go,going,goes,gone,C,goes,1
ADRE_G3_MOCK_01,English Language,35,Identify the noun in: 'The boy opened the door.',opened,the,boy,opened the,C,boy,1
ADRE_G3_MOCK_01,English Language,36,The plural of 'child' is:,Childs,Childes,Children,Childrens,C,Children,1
ADRE_G3_MOCK_01,English Language,37,Choose the correct passive voice: 'Rina wrote a letter.',A letter was written by Rina.,A letter is written by Rina.,Rina was written a letter.,A letter has written Rina.,A,A letter was written by Rina.,1
ADRE_G3_MOCK_01,English Language,38,Choose the correct article: He is ___ honest man.,a,an,the,no article,B,an,1
ADRE_G3_MOCK_01,English Language,39,What does 'break the ice' mean?,Break something,Start a friendly conversation,Become angry,End a meeting,B,Start a friendly conversation,1
ADRE_G3_MOCK_01,English Language,40,Choose the correct sentence.,He don't know me.,He doesn't knows me.,He doesn't know me.,He not know me.,C,He doesn't know me.,1
ADRE_G3_MOCK_01,Assam & Its History,41,The Ahom kingdom was founded by:,Sukaphaa,Rudra Singha,Lachit Borphukan,Gadadhar Singha,A,Sukaphaa,1
ADRE_G3_MOCK_01,Assam & Its History,42,The Battle of Saraighat was fought in:,1667,1671,1681,1691,B,1671,1
ADRE_G3_MOCK_01,Assam & Its History,43,Lachit Borphukan is chiefly associated with the:,Battle of Plassey,Battle of Saraighat,Battle of Panipat,Battle of Buxar,B,Battle of Saraighat,1
ADRE_G3_MOCK_01,Assam & Its History,44,Sukaphaa entered the Brahmaputra valley in:,1228,1328,1428,1528,A,1228,1
ADRE_G3_MOCK_01,Assam & Its History,45,The first Assamese film is generally recognised as:,Indramalati,Joymoti,Piyoli Phukan,Siraj,B,Joymoti,1
ADRE_G3_MOCK_01,Assam & Its History,46,Srimanta Sankardev is associated with the:,Bhakti movement in Assam,Swadeshi movement,Brahmo movement,Sufi movement,A,Bhakti movement in Assam,1
ADRE_G3_MOCK_01,Assam & Its History,47,The traditional Assamese devotional institution is called:,Math,Namghar,Gurudwara,Vihara,B,Namghar,1
ADRE_G3_MOCK_01,Assam & Its History,48,Bihu is primarily associated with the culture of:,Assam,Kerala,Punjab,Gujarat,A,Assam,1
ADRE_G3_MOCK_01,Assam & Its History,49,The capital of the Ahom kingdom under many later rulers was:,Sivasagar,Silchar,Dhubri,Goalpara,A,Sivasagar,1
ADRE_G3_MOCK_01,Assam & Its History,50,The Treaty of Yandabo was signed in:,1824,1826,1836,1846,B,1826,1
ADRE_G3_MOCK_01,General Science,51,The basic unit of life is the:,Tissue,Organ,Cell,Atom,C,Cell,1
ADRE_G3_MOCK_01,General Science,52,Photosynthesis mainly occurs in the:,Nucleus,Chloroplast,Mitochondria,Ribosome,B,Chloroplast,1
ADRE_G3_MOCK_01,General Science,53,Which vitamin is mainly produced in the skin through sunlight exposure?,Vitamin A,Vitamin B12,Vitamin C,Vitamin D,D,Vitamin D,1
ADRE_G3_MOCK_01,General Science,54,The SI unit of force is:,Joule,Newton,Watt,Pascal,B,Newton,1
ADRE_G3_MOCK_01,General Science,55,Water boils at sea level at approximately:,50°C,75°C,100°C,125°C,C,100°C,1
ADRE_G3_MOCK_01,General Science,56,The gas most abundant in Earth's atmosphere is:,Oxygen,Nitrogen,Carbon dioxide,Hydrogen,B,Nitrogen,1
ADRE_G3_MOCK_01,General Science,57,Which organ pumps blood through the human body?,Liver,Lung,Kidney,Heart,D,Heart,1
ADRE_G3_MOCK_01,General Science,58,The pH of pure water at room temperature is approximately:,5,6,7,8,C,7,1
ADRE_G3_MOCK_01,General Science,59,Which blood cells help fight infection?,Red blood cells,White blood cells,Platelets,Plasma,B,White blood cells,1
ADRE_G3_MOCK_01,General Science,60,The process by which liquid changes into vapour is called:,Condensation,Freezing,Evaporation,Sublimation,C,Evaporation,1
