question_number,question_text (Assamese),option_A,option_B,option_C,option_D,correct_option,explanation (Detailed step-by-step solution English),subject,topic / subtopic tag
1,"1 লা জানুবাৰী, 2024 সাপেক্ষে অসম বিধানসভাৰ অধ্যক্ষ কোন ?",Hitendra Nath Goswami,Numal Momin,Biswajit Daimary,Rupsing Teron,C,"Step 1: Identify the concept tested in Question 1. Step 2: Apply the relevant rule, calculation, factual relationship, or language rule to the four choices. Step 3: The official final answer key marks option C (Biswajit Daimary) as correct. Therefore, option C is the answer.",General Awareness,"India / Assam / World GK, History, Geography, Sports & Culture"
2,নি্নলিখিত কোনটোৰ পৰা নগদ ধন উলিয়াব পাৰি ?,ATM,NEFT,UPI,IFSC,A,"Step 1: Identify the concept tested in Question 2. Step 2: Apply the relevant rule, calculation, factual relationship, or language rule to the four choices. Step 3: The official final answer key marks option A (ATM) as correct. Therefore, option A is the answer.",General Awareness,"India / Assam / World GK, History, Geography, Sports & Culture"
3,"টেক্সি চালক এজনে কার্যালয়ত যাত্রীসকলক গাড়ীত তুলি ছয় কিলোমিটাৰ পথ অতিক্রম কৰি ডাকঘৰ পালেগৈ, যন্ত তেওঁ বাওফালে ঘুবি আঠ কিলোমিটাৰ পথ অতিক্রম কৰি বিমান বন্দৰ পায়গৈ। কার্যযালয়ৰ পৰা বিমান বন্দবলৈ বৈথিক দূবত্ব কিমান ?",Ten kilometers,Twelve kilometers,Eight kilometers,Fourteen kilometers,A,"Step 1: Identify the concept tested in Question 3. Step 2: Apply the relevant rule, calculation, factual relationship, or language rule to the four choices. Step 3: The official final answer key marks option A (Ten kilometers) as correct. Therefore, option A is the answer.",General Awareness,"India / Assam / World GK, History, Geography, Sports & Culture"
4,"যদি ৰঘুৱে কয় যে তেওঁৰ মাতৃ হিমাদ্ৰীৰ মাতৃৰ একমাত্ৰ জীয়ৰী, তেন্তে হিমাদ্ৰী ৰঘুৰ সৈতে কি সম্বন্ধে সম্পর্কিত হ’ব ?",Brother,Maternal Uncle,Grandfather,Son,B,"Step 1: Identify the concept tested in Question 4. Step 2: Apply the relevant rule, calculation, factual relationship, or language rule to the four choices. Step 3: The official final answer key marks option B (Maternal Uncle) as correct. Therefore, option B is the answer.",General Awareness,"India / Assam / World GK, History, Geography, Sports & Culture"
9,1 ৰ পৰা 20 লৈ মৌলিক সংখ্যাসমূহৰ মুঠ গণনা £,7,9,8,10,C,"Step 1: Identify the concept tested in Question 9. Step 2: Apply the relevant rule, calculation, factual relationship, or language rule to the four choices. Step 3: The official final answer key marks option C (8) as correct. Therefore, option C is the answer.",Mathematics,Arithmetic / Number System / Geometry / Algebra
11,কোনো এটা সংখ্যাক 11% বৃদ্ধি কৰিলে সংখ্যাটোৰ মান 777 হয়। সংখ্যাটো হৈছে ঃ,770,750,710,700,D,"Step 1: Identify the concept tested in Question 11. Step 2: Apply the relevant rule, calculation, factual relationship, or language rule to the four choices. Step 3: The official final answer key marks option D (700) as correct. Therefore, option D is the answer.",Mathematics,Arithmetic / Number System / Geometry / Algebra
12,মোবেহ মেণিপুব) ভাৰতৰ সৈতে কোন দেশৰ স্থলপথ সংযোগী স্থল ?,Thailand,Nepal,Myanmar,Bhutan,C,"Step 1: Identify the concept tested in Question 12. Step 2: Apply the relevant rule, calculation, factual relationship, or language rule to the four choices. Step 3: The official final answer key marks option C (Myanmar) as correct. Therefore, option C is the answer.",Driving / Motor Vehicles,"Road safety, licensing, traffic rules & vehicle regulations"
14,দুটা সংখ্যাৰ যোগফল 12 আৰ সংখ্যা দুটাৰ বর্গ পার্থক্য 60| সংখ্যা দুটাৰ পার্থক্য £,3,5,7,9,B,"Step 1: Identify the concept tested in Question 14. Step 2: Apply the relevant rule, calculation, factual relationship, or language rule to the four choices. Step 3: The official final answer key marks option B (5) as correct. Therefore, option B is the answer.",Mathematics,Arithmetic / Number System / Geometry / Algebra
16,আহোম সাম্রাজ্য প্রথম বাজধানী ক'ত স্থাপিত হৈছিল ?,Rongpur,Garhgaon,Charaideo,Guwahati,C,"Step 1: Identify the concept tested in Question 16. Step 2: Apply the relevant rule, calculation, factual relationship, or language rule to the four choices. Step 3: The official final answer key marks option C (Charaideo) as correct. Therefore, option C is the answer.",General Awareness,"India / Assam / World GK, History, Geography, Sports & Culture"
17,নিন্ললিখিত সমূহৰ কোনটো বংশ প্রাচীন অসমৰ শাসক বংশ নাছিল ?,Maurya,Varman,Pala,Koch,A,"Step 1: Identify the concept tested in Question 17. Step 2: Apply the relevant rule, calculation, factual relationship, or language rule to the four choices. Step 3: The official final answer key marks option A (Maurya) as correct. Therefore, option A is the answer.",General Awareness,"India / Assam / World GK, History, Geography, Sports & Culture"
19,47329 সংখ্যাটোক দুণ্ডণ কৰিলে ফলাফলটোৰ ঠিক সৌমাজত থকা অংকটো কি হ'ৰ ?,6,7,4,5,A,"Step 1: Identify the concept tested in Question 19. Step 2: Apply the relevant rule, calculation, factual relationship, or language rule to the four choices. Step 3: The official final answer key marks option A (6) as correct. Therefore, option A is the answer.",Mathematics,Arithmetic / Number System / Geometry / Algebra
20,ভাবতবর্ষত এখন বাহনত কোনবিধৰ শিঙা অনুমোদিত ?,Multitoned horn,Electric horn,Air horn,Any type of horn,B,"Step 1: Identify the concept tested in Question 20. Step 2: Apply the relevant rule, calculation, factual relationship, or language rule to the four choices. Step 3: The official final answer key marks option B (Electric horn) as correct. Therefore, option B is the answer.",Driving / Motor Vehicles,"Road safety, licensing, traffic rules & vehicle regulations"
21,অপবিবাহক বাহনৰ লার্নাছ লাইচেঞ্চ প্রাপ্ত কবাৰ পাছত ড্রাইভিং লাইচেঞ্চৰ বাবে আবেদন কবিবলৈ এজন আবেদকে ন্যুনতম কিমান সময় অপেক্ষা কৰিব লগা হয় ?,30 days,60 days,45 days,6 months Paper-V/A 11 P.T.O,A,"Step 1: Identify the concept tested in Question 21. Step 2: Apply the relevant rule, calculation, factual relationship, or language rule to the four choices. Step 3: The official final answer key marks option A (30 days) as correct. Therefore, option A is the answer.",Driving / Motor Vehicles,"Road safety, licensing, traffic rules & vehicle regulations"
22,নিন্ললিখিত সমূহৰ কোনটো এটা আউটপুট ডিভাইচ ?,Keyboard,Speaker,Mouse,Microphone,B,"Step 1: Identify the concept tested in Question 22. Step 2: Apply the relevant rule, calculation, factual relationship, or language rule to the four choices. Step 3: The official final answer key marks option B (Speaker) as correct. Therefore, option B is the answer.",General Awareness,"India / Assam / World GK, History, Geography, Sports & Culture"
24,কোনখন দেশৰ জাতীয় পতাকা ব্রিভূজাকৃতিৰ ?,Brazil,Kuala Lumpur,Sri Lanka,Nepal Paper-V/A 12,D,"Step 1: Identify the concept tested in Question 24. Step 2: Apply the relevant rule, calculation, factual relationship, or language rule to the four choices. Step 3: The official final answer key marks option D (Nepal Paper-V/A 12) as correct. Therefore, option D is the answer.",General Awareness,"India / Assam / World GK, History, Geography, Sports & Culture"
25,অর্থশাস্ত্ব কোনে লিখিছিল £,Brahmagupta,Swami Vivekananda,Raghuram Rajan,Chanakya,D,"Step 1: Identify the concept tested in Question 25. Step 2: Apply the relevant rule, calculation, factual relationship, or language rule to the four choices. Step 3: The official final answer key marks option D (Chanakya) as correct. Therefore, option D is the answer.",General Awareness,"India / Assam / World GK, History, Geography, Sports & Culture"
26,ভগ্বাংশৰ বূপত প্রকাশ কৰিব নোরাৰা সংখ্যাবোৰক বোলা হয় £,Whole numbers,Recurring numbers,Prime numbers,Irrational numbers,D,"Step 1: Identify the concept tested in Question 26. Step 2: Apply the relevant rule, calculation, factual relationship, or language rule to the four choices. Step 3: The official final answer key marks option D (Irrational numbers) as correct. Therefore, option D is the answer.",Mathematics,Arithmetic / Number System / Geometry / Algebra
27,এজন মানুহে প্ৰতি মিনিটত 45 শব্দ টাইপ কৰিব পাৰে। 555 টা শব্দ টাইপ কৰিবলৈ তেওঁক প্ৰয়োজন হোৱা সময় হ’ল —,12 min 15 sec,12 min 20 sec,12 min 30 sec,12 min 45 sec,B,"Step 1: Identify the concept tested in Question 27. Step 2: Apply the relevant rule, calculation, factual relationship, or language rule to the four choices. Step 3: The official final answer key marks option B (12 min 20 sec) as correct. Therefore, option B is the answer.",English,Vocabulary / Grammar / Usage
28,এটা সংখ্যাক 1111 বে পূৰণ কৰিলে প্রাপ্ত পুৰণফল হৈছে 7777। সংখ্যাটো হৈছে ঃ,7,17,70,77,A,"Step 1: Identify the concept tested in Question 28. Step 2: Apply the relevant rule, calculation, factual relationship, or language rule to the four choices. Step 3: The official final answer key marks option A (7) as correct. Therefore, option A is the answer.",Mathematics,Arithmetic / Number System / Geometry / Algebra
29,কোচবজা নবনাবায়ণৰ সেনাবাহিনীৰ সেনাপতি কোন আছিল ?,Raghabendra,Chakradhwaj,Tingrai,Chilarai,D,"Step 1: Identify the concept tested in Question 29. Step 2: Apply the relevant rule, calculation, factual relationship, or language rule to the four choices. Step 3: The official final answer key marks option D (Chilarai) as correct. Therefore, option D is the answer.",General Awareness,"India / Assam / World GK, History, Geography, Sports & Culture"
30,ওজাপালি অসমৰ কোন অঞ্চলৰ এক ধর্মীয় উপাদান ?,Lakhimpur - Dibrugarh region,Silchar - Karimganj region,Haflong - Hamren region,Mangaldoi - Nalbari region,D,"Step 1: Identify the concept tested in Question 30. Step 2: Apply the relevant rule, calculation, factual relationship, or language rule to the four choices. Step 3: The official final answer key marks option D (Mangaldoi - Nalbari region) as correct. Therefore, option D is the answer.",General Awareness,"India / Assam / World GK, History, Geography, Sports & Culture"
32,18-[6-,9,16,13,11,C,"Step 1: Identify the concept tested in Question 32. Step 2: Apply the relevant rule, calculation, factual relationship, or language rule to the four choices. Step 3: The official final answer key marks option C (13) as correct. Therefore, option C is the answer.",General Awareness,"India / Assam / World GK, History, Geography, Sports & Culture"
34,5000 ৰ 3% ৰ 2% হৈছে ঃ,5,3,2,6,B,"Step 1: Identify the concept tested in Question 34. Step 2: Apply the relevant rule, calculation, factual relationship, or language rule to the four choices. Step 3: The official final answer key marks option B (3) as correct. Therefore, option B is the answer.",General Awareness,"India / Assam / World GK, History, Geography, Sports & Culture"
35,ভাবতবর্ষত এখন বাহন ],right side of the road with the driver sitting on the left side of the vehicle,left side of the road with the driver sitting on the right side of the vehicle,right side of the road with the driver sitting on the right side of the vehicle,left side of the road with the driver sitting on the left side of the vehicle,B,"Step 1: Identify the concept tested in Question 35. Step 2: Apply the relevant rule, calculation, factual relationship, or language rule to the four choices. Step 3: The official final answer key marks option B (left side of the road with the driver sitting on the right side of the vehicle) as correct. Therefore, option B is the answer.",Driving / Motor Vehicles,"Road safety, licensing, traffic rules & vehicle regulations"
36,"যদি TANK ক KNAT হিচাপে ক’ড কৰা হয়, তেন্তে সদৃশ ক’ডত PROCESS ক লিখিলে ইয়াৰ পঞ্চম বৰ্ণটো কি হ’ব ?",C,E,O,R,C,"Step 1: Identify the concept tested in Question 36. Step 2: Apply the relevant rule, calculation, factual relationship, or language rule to the four choices. Step 3: The official final answer key marks option C (O) as correct. Therefore, option C is the answer.",General Awareness,"India / Assam / World GK, History, Geography, Sports & Culture"
37,2020 অলিম্পিক খেলত নীৰজ চোপ্রাই কোনবিধ খেলত সোণৰ পদক লাভ কৰিছিল ?,Discus throw,Hammer throw,Shot put,Javelin throw,D,"Step 1: Identify the concept tested in Question 37. Step 2: Apply the relevant rule, calculation, factual relationship, or language rule to the four choices. Step 3: The official final answer key marks option D (Javelin throw) as correct. Therefore, option D is the answer.",General Awareness,"India / Assam / World GK, History, Geography, Sports & Culture"
38,"প্রথমে সামাজিক মাধ্যমত ধাবাবাহিকভাবে, পিছলৈ কিতাপ আকাৰে প্রকাশিত হোরা লাইফ অব এ ড্রাইভাব « কেবিনৰ ইপাবে কিতাপখন লিখা ব্যক্তিজন ঃ",Pratibhu Dutta,Rupam Dutta,Debabrata Das,Ramanuj Goswami,B,"Step 1: Identify the concept tested in Question 38. Step 2: Apply the relevant rule, calculation, factual relationship, or language rule to the four choices. Step 3: The official final answer key marks option B (Rupam Dutta) as correct. Therefore, option B is the answer.",General Awareness,"India / Assam / World GK, History, Geography, Sports & Culture"
40,4213.6-ত 2-ৰ স্থানীয় মান হ’ল —,213,2,200,20,C,"Step 1: Identify the concept tested in Question 40. Step 2: Apply the relevant rule, calculation, factual relationship, or language rule to the four choices. Step 3: The official final answer key marks option C (200) as correct. Therefore, option C is the answer.",Mathematics,Arithmetic / Number System / Geometry / Algebra
41,নিন্নলিখিত কোনটো একেটা সমষ্টিত থকাটো অনুচিত ? () কাগজ,Paper,Eraser,Pen,Textbook,D,"Step 1: Identify the concept tested in Question 41. Step 2: Apply the relevant rule, calculation, factual relationship, or language rule to the four choices. Step 3: The official final answer key marks option D (Textbook) as correct. Therefore, option D is the answer.",General Awareness,"India / Assam / World GK, History, Geography, Sports & Culture"
42,নিন্নলিখিত কোনটো চাৰ আইজাক নিউটনৰ কর্ম্মৰ সৈতে সম্পর্কিত ?,Rocket,Atom Bomb,Semiconductor,Automobile,A,"Step 1: Identify the concept tested in Question 42. Step 2: Apply the relevant rule, calculation, factual relationship, or language rule to the four choices. Step 3: The official final answer key marks option A (Rocket) as correct. Therefore, option A is the answer.",General Awareness,"India / Assam / World GK, History, Geography, Sports & Culture"
43,নিন্ললিখিত কোনটো গোট অশুদ্ধকৈ বজিতা খুওবা আছে ?,M : 13,S : 20,W : 23,K : 11,B,"Step 1: Identify the concept tested in Question 43. Step 2: Apply the relevant rule, calculation, factual relationship, or language rule to the four choices. Step 3: The official final answer key marks option B (S : 20) as correct. Therefore, option B is the answer.",General Awareness,"India / Assam / World GK, History, Geography, Sports & Culture"
44,নিন্নলিখিত কোনটো ভাৰতৰ উচ্চতম পর্বতশৃংগ £,Everest,Annapurna,Nanda Devi,Kanchenjunga,D,"Step 1: Identify the concept tested in Question 44. Step 2: Apply the relevant rule, calculation, factual relationship, or language rule to the four choices. Step 3: The official final answer key marks option D (Kanchenjunga) as correct. Therefore, option D is the answer.",General Awareness,"India / Assam / World GK, History, Geography, Sports & Culture"
45,প্ৰথম দহটা ক্ৰমিক স্বাভাৱিক সংখ্যাৰ গড় হ’ল —,5,6,5.5,6.5,C,"Step 1: Identify the concept tested in Question 45. Step 2: Apply the relevant rule, calculation, factual relationship, or language rule to the four choices. Step 3: The official final answer key marks option C (5.5) as correct. Therefore, option C is the answer.",Mathematics,Arithmetic / Number System / Geometry / Algebra
46,বিপজ্জনক গাড়ী চালনা কাক বোলা হয় £,Jumping a red traffic light,Violating stop line,Using phone,Any one of all three Paper-V/A 21 P.T.O,D,"Step 1: Identify the concept tested in Question 46. Step 2: Apply the relevant rule, calculation, factual relationship, or language rule to the four choices. Step 3: The official final answer key marks option D (Any one of all three Paper-V/A 21 P.T.O) as correct. Therefore, option D is the answer.",Driving / Motor Vehicles,"Road safety, licensing, traffic rules & vehicle regulations"
47,তলত দিয়া কোনটো সংখ্যাৰ দহকৰ স্থানত সৰ্বোচ্চ মানৰ অংকটো আছে ?,(v),(iii),(iv),(i),A,"Step 1: Identify the concept tested in Question 47. Step 2: Apply the relevant rule, calculation, factual relationship, or language rule to the four choices. Step 3: The official final answer key marks option A ((v)) as correct. Therefore, option A is the answer.",Mathematics,Arithmetic / Number System / Geometry / Algebra
48,পৰিবাহক বাহন এখনক কোনটো কথা লক্ষ্য কৰি আন বাহনৰ পৰা পৃথকে চিনি উলিয়াব পাৰি ?,Looking at tyre size,By the colour of the vehicle,By vehicle size,Registration number plate,D,"Step 1: Identify the concept tested in Question 48. Step 2: Apply the relevant rule, calculation, factual relationship, or language rule to the four choices. Step 3: The official final answer key marks option D (Registration number plate) as correct. Therefore, option D is the answer.",Driving / Motor Vehicles,"Road safety, licensing, traffic rules & vehicle regulations"
49,টায়াৰ £ ঘুবণীয়া £ ক'লা - এই সম্বন্ধৰ সদৃশ সম্বন্ধ জৌট টি চিনাক্ত কৰক।,Trees : Green : Tall,Windows : Glass : Square,Pipes : Round : Plastic,Bricks : Rectangle : Red,D,"Step 1: Identify the concept tested in Question 49. Step 2: Apply the relevant rule, calculation, factual relationship, or language rule to the four choices. Step 3: The official final answer key marks option D (Bricks : Rectangle : Red) as correct. Therefore, option D is the answer.",General Awareness,"India / Assam / World GK, History, Geography, Sports & Culture"
50,অপবিবাহক বাহন ড্রাইভিং লাইচেঞ্চ পাবৰ বাবে প্রয়োজনীয় ন্যুনতম শিক্ষাগত অর্হতা হৈছে £,Class VIII Pass,Matric Pass,Class IX Pass,Not Mandatory,D,"Step 1: Identify the concept tested in Question 50. Step 2: Apply the relevant rule, calculation, factual relationship, or language rule to the four choices. Step 3: The official final answer key marks option D (Not Mandatory) as correct. Therefore, option D is the answer.",Driving / Motor Vehicles,"Road safety, licensing, traffic rules & vehicle regulations"
51,কোনখন দেশত হলিউড অবস্থিত ?,United States of America,England,France,Japan,A,"Step 1: Identify the concept tested in Question 51. Step 2: Apply the relevant rule, calculation, factual relationship, or language rule to the four choices. Step 3: The official final answer key marks option A (United States of America) as correct. Therefore, option A is the answer.",General Awareness,"India / Assam / World GK, History, Geography, Sports & Culture"
52,নিন্ললিখিত কোনটো অসমৰ এক অঞ্চল নহয় ?,Brahmaputra valley,Karbi plateau,Barak valley,Deccan plateau,D,"Step 1: Identify the concept tested in Question 52. Step 2: Apply the relevant rule, calculation, factual relationship, or language rule to the four choices. Step 3: The official final answer key marks option D (Deccan plateau) as correct. Therefore, option D is the answer.",General Awareness,"India / Assam / World GK, History, Geography, Sports & Culture"
53,অসমত বাছৰ কণ্ডাক্টুৰ (পৰিচালক) ৰ লাইচেঞ্চ পাবৰ বাবে প্রয়োজনীয় ন্যুনতম শিক্ষাগত অরতা হৈছে [,Class VIII Pass,HSLC Pass,Class IX Pass,Not mandatory,A,"Step 1: Identify the concept tested in Question 53. Step 2: Apply the relevant rule, calculation, factual relationship, or language rule to the four choices. Step 3: The official final answer key marks option A (Class VIII Pass) as correct. Therefore, option A is the answer.",Driving / Motor Vehicles,"Road safety, licensing, traffic rules & vehicle regulations"
54,বিপদজনক আৰ ক্ষতিকাৰক সামগ্রী কটিওবা বাহন চালকব ড্রাইভিং লাইচেঞ্চবৰ বৈধতাৰ ম্যাদ হৈছে |,1 year,2 years,3 years,5 years,A,"Step 1: Identify the concept tested in Question 54. Step 2: Apply the relevant rule, calculation, factual relationship, or language rule to the four choices. Step 3: The official final answer key marks option A (1 year) as correct. Therefore, option A is the answer.",Driving / Motor Vehicles,"Road safety, licensing, traffic rules & vehicle regulations"
55,কোনটোক সাধাৰণতে ভোটদানৰ প্রমাণ হিচাবে গণ্য কৰা হয় £,Tick mark against name on Electoral Rolls (Voters List),Mark of indelible ink on finger nail (or other body position),Possession of Voter’s slip,Permission to enter voting booth,B,"Step 1: Identify the concept tested in Question 55. Step 2: Apply the relevant rule, calculation, factual relationship, or language rule to the four choices. Step 3: The official final answer key marks option B (Mark of indelible ink on finger nail (or other body position)) as correct. Therefore, option B is the answer.",General Awareness,"India / Assam / World GK, History, Geography, Sports & Culture"
57,"যদি 1+2+3+...+9+1055, তেন্তে 2+3+44+. ..+104+11-?",65,66,64,62,A,"Step 1: Identify the concept tested in Question 57. Step 2: Apply the relevant rule, calculation, factual relationship, or language rule to the four choices. Step 3: The official final answer key marks option A (65) as correct. Therefore, option A is the answer.",General Awareness,"India / Assam / World GK, History, Geography, Sports & Culture"
58,অসমৰ সর্বপ্রথম স্বর্গদেউ গবাকীৰ নাম ব্যক্ত কৰক।,Suhungmung,Suhenpha,Sutupha,Sukapha,D,"Step 1: Identify the concept tested in Question 58. Step 2: Apply the relevant rule, calculation, factual relationship, or language rule to the four choices. Step 3: The official final answer key marks option D (Sukapha) as correct. Therefore, option D is the answer.",General Awareness,"India / Assam / World GK, History, Geography, Sports & Culture"
59,বায়ু ঃ ঈগল £ পানী ৪ £,Duck,Cuckoo,Pigeon,Ostrich,A,"Step 1: Identify the concept tested in Question 59. Step 2: Apply the relevant rule, calculation, factual relationship, or language rule to the four choices. Step 3: The official final answer key marks option A (Duck) as correct. Therefore, option A is the answer.",General Awareness,"India / Assam / World GK, History, Geography, Sports & Culture"
60,পথত থকা জেব্রা ক্রুছিং কিহৰ বাবে ব্যরহৃত হয় ?,Reducing speed,Pedestrian crossing,Giving preference to other vehicles,Crossing of Animals,B,"Step 1: Identify the concept tested in Question 60. Step 2: Apply the relevant rule, calculation, factual relationship, or language rule to the four choices. Step 3: The official final answer key marks option B (Pedestrian crossing) as correct. Therefore, option B is the answer.",Driving / Motor Vehicles,"Road safety, licensing, traffic rules & vehicle regulations"
61,এটা মানক ইংবাজী অভিধানত কোনটো শব্দ একেবাৰে শেষত থাকিব ?,JANUARY,OCTOBER,DECEMBER,MARCH,B,"Step 1: Identify the concept tested in Question 61. Step 2: Apply the relevant rule, calculation, factual relationship, or language rule to the four choices. Step 3: The official final answer key marks option B (OCTOBER) as correct. Therefore, option B is the answer.",English,Vocabulary / Grammar / Usage
62,ভাবতবর্ষত ড্রাইভিং লাইচেঞ্চ লাভ কৰিবৰ বাবে বয়সৰ সর্বোচ্চ সীমা হৈছে |,65 years,70 years,80 years,"Age, no bar",D,"Step 1: Identify the concept tested in Question 62. Step 2: Apply the relevant rule, calculation, factual relationship, or language rule to the four choices. Step 3: The official final answer key marks option D (Age, no bar) as correct. Therefore, option D is the answer.",Driving / Motor Vehicles,"Road safety, licensing, traffic rules & vehicle regulations"
64,1.810107 ত থকা বর্ণ বোৰৰ সহায়েবে গঠন কৰিব নোরাৰা শব্দটো চিনাক্ত কৰক।,LEAD,MADE,DEAF,DEAL,C,"Step 1: Identify the concept tested in Question 64. Step 2: Apply the relevant rule, calculation, factual relationship, or language rule to the four choices. Step 3: The official final answer key marks option C (DEAF) as correct. Therefore, option C is the answer.",English,Vocabulary / Grammar / Usage
65,তলত দিয়া ৰাশিটোৰ মান কিমান ?,,,,6 4 3 24  1  1  1,B,"Step 1: Identify the concept tested in Question 65. Step 2: Apply the relevant rule, calculation, factual relationship, or language rule to the four choices. Step 3: The official final answer key marks option B () as correct. Therefore, option B is the answer.",Mathematics,Arithmetic / Number System / Geometry / Algebra
66,নিচাসক্ত হৈ গাড়ী চালনা কৰিলে প্রথম বাৰৰ বাবে সর্বোচ্চ শান্তি হ'ল |,Upto 6 months imprisonment,"` 10,000 /- fine","` 10,000 /- fine and upto 6 months imprisonment","` 20,000 /- fine",C,"Step 1: Identify the concept tested in Question 66. Step 2: Apply the relevant rule, calculation, factual relationship, or language rule to the four choices. Step 3: The official final answer key marks option C (` 10,000 /- fine and upto 6 months imprisonment) as correct. Therefore, option C is the answer.",Driving / Motor Vehicles,"Road safety, licensing, traffic rules & vehicle regulations"
67,নিন্নলিখিত কোনখন বাজ্যই অসমৰ সীমান্ত স্পর্শ নকৰে ?,Nagaland,Bihar,Mizoram,Tripura,B,"Step 1: Identify the concept tested in Question 67. Step 2: Apply the relevant rule, calculation, factual relationship, or language rule to the four choices. Step 3: The official final answer key marks option B (Bihar) as correct. Therefore, option B is the answer.",General Awareness,"India / Assam / World GK, History, Geography, Sports & Culture"
68,ভাবতীয় বাহনৰ হালধীয়া বৰণৰ নান্বাৰ প্লেটে কি সূচায় ? () বৈদ্যুতিক বাহন,Electric vehicle,Commercial vehicle,Ambulance,Governor’s vehicle,B,"Step 1: Identify the concept tested in Question 68. Step 2: Apply the relevant rule, calculation, factual relationship, or language rule to the four choices. Step 3: The official final answer key marks option B (Commercial vehicle) as correct. Therefore, option B is the answer.",Driving / Motor Vehicles,"Road safety, licensing, traffic rules & vehicle regulations"
69,"যদি? টা আমৰ দাম ক 9] হয়, তেন্তে 3 টা আমৰ দাম ৪",` 28,` 35,` 37,` 39,D,"Step 1: Identify the concept tested in Question 69. Step 2: Apply the relevant rule, calculation, factual relationship, or language rule to the four choices. Step 3: The official final answer key marks option D (` 39) as correct. Therefore, option D is the answer.",Mathematics,Arithmetic / Number System / Geometry / Algebra
70,"এজন মানুহে এটা বিকল সামগ্রী ₹ 1,500 ত ক্রয় কৰি ₹ 900 ৰে মেবামতি কৰিলে আৰু সামগ্রীপদ ₹ 5,000 ত বিক্রি কৰিলে। বিক্রিকৰ হিচাবে তেওঁ ₹ 100 পৰিশোধ কৰিব লগীয়া হ'ল। সামগ্রীপদ বিক্রি কৰি মানুহজনে অর্জন কৰা মুঠ লাভৰ শতাংশ পবিমাণ হ'ল ৪",80%,60%,120%,100%,D,"Step 1: Identify the concept tested in Question 70. Step 2: Apply the relevant rule, calculation, factual relationship, or language rule to the four choices. Step 3: The official final answer key marks option D (100%) as correct. Therefore, option D is the answer.",Mathematics,Arithmetic / Number System / Geometry / Algebra
71,"0, 7, 1, 3-ৰ পৰৱৰ্তী বৰ্ণটো কি হ’ব ?",T,U,W,Z,D,"Step 1: Identify the concept tested in Question 71. Step 2: Apply the relevant rule, calculation, factual relationship, or language rule to the four choices. Step 3: The official final answer key marks option D (Z) as correct. Therefore, option D is the answer.",General Awareness,"India / Assam / World GK, History, Geography, Sports & Culture"
72,প্রাচীন কামকপ বাজ্যৰ বাজধানীৰ নাম কি আছিল ? () দৰং,Darranga,Pragjyotishpur,Garhgaon,Itakhuli,B,"Step 1: Identify the concept tested in Question 72. Step 2: Apply the relevant rule, calculation, factual relationship, or language rule to the four choices. Step 3: The official final answer key marks option B (Pragjyotishpur) as correct. Therefore, option B is the answer.",General Awareness,"India / Assam / World GK, History, Geography, Sports & Culture"
73,লোহৰী আৰু বৈশাখী মূলতঃ কোনখন ৰাজ্যত পালন কৰা হয় ?,West Bengal,Punjab,Maharashtra,Chhattisgarh Paper-V/A 35 P.T.O,B,"Step 1: Identify the concept tested in Question 73. Step 2: Apply the relevant rule, calculation, factual relationship, or language rule to the four choices. Step 3: The official final answer key marks option B (Punjab) as correct. Therefore, option B is the answer.",General Awareness,"India / Assam / World GK, History, Geography, Sports & Culture"
74,প্রতিবক্ষা বিভাগীয় গাড়ীৰ বাদে আন গাড়ীত কোনটো বং নিষিদ্ধ ?,Orange,Saffron,Olive Green,Dark Blue,C,"Step 1: Identify the concept tested in Question 74. Step 2: Apply the relevant rule, calculation, factual relationship, or language rule to the four choices. Step 3: The official final answer key marks option C (Olive Green) as correct. Therefore, option C is the answer.",Driving / Motor Vehicles,"Road safety, licensing, traffic rules & vehicle regulations"
75,লোকসভাব নির্বাচন সাধাৰণতে কেতিয়া অনুষ্ঠিত হয় ?,Every five (5) years,Every four (4) years,Every six (6) years,Every ten (10) years,A,"Step 1: Identify the concept tested in Question 75. Step 2: Apply the relevant rule, calculation, factual relationship, or language rule to the four choices. Step 3: The official final answer key marks option A (Every five (5) years) as correct. Therefore, option A is the answer.",General Awareness,"India / Assam / World GK, History, Geography, Sports & Culture"
76,ৰাকেশ সুবোধতকৈ ওখ। তেওঁলোকৰ বন্ধু অতনুৱেই একমাত্ৰ যি বাস্কেটবল দলত অন্তৰ্ভুক্তিৰ যোগ্যতা অৰ্জন কৰিছে য’ত খেলুৱৈৰ উচ্চতা ছয় ফুটতকৈ অধিক হ’ব লাগিব। উচ্চতা অনুযায়ী মাজত কোন আছে ?,Subodh,Atanu,Rakesh,Cannot be determined,C,"Step 1: Identify the concept tested in Question 76. Step 2: Apply the relevant rule, calculation, factual relationship, or language rule to the four choices. Step 3: The official final answer key marks option C (Rakesh) as correct. Therefore, option C is the answer.",General Awareness,"India / Assam / World GK, History, Geography, Sports & Culture"
78,“পকা ধানৰ মাজে মাজে” শীৰ্ষক গীতৰ গীতিকাৰ কোন ?,Tafazzul Ali,Anandiram Barua,Parbati Prasad Barua,Rudra Barua,D,"Step 1: Identify the concept tested in Question 78. Step 2: Apply the relevant rule, calculation, factual relationship, or language rule to the four choices. Step 3: The official final answer key marks option D (Rudra Barua) as correct. Therefore, option D is the answer.",General Awareness,"India / Assam / World GK, History, Geography, Sports & Culture"
80,পোংগল মুখ্যতঃ কোন ৰাজ্যৰ শীতকালীন লোক উৎসব ?,Tamil Nadu,Bihar,Madhya Pradesh,Punjab,A,"Step 1: Identify the concept tested in Question 80. Step 2: Apply the relevant rule, calculation, factual relationship, or language rule to the four choices. Step 3: The official final answer key marks option A (Tamil Nadu) as correct. Therefore, option A is the answer.",General Awareness,"India / Assam / World GK, History, Geography, Sports & Culture"
81,রীতা চৌধুরীর উপন্যাস দেও লাংখুই অসমের নিন্নলিখিত সম্প্রদায়গুলির মধ্যে কোনটি বিশেষভাবে উল্লেখ পেয়েছে ?,The Kacharis,The Mishings,The Tiwas,The Mottocks,C,"Step 1: Identify the concept tested in Question 81. Step 2: Apply the relevant rule, calculation, factual relationship, or language rule to the four choices. Step 3: The official final answer key marks option C (The Tiwas) as correct. Therefore, option C is the answer.",General Awareness,"India / Assam / World GK, History, Geography, Sports & Culture"
82,ভাবতবর্ষত এখন বৈদ্যুতিক বাহন,White,Yellow,Green,Black,C,"Step 1: Identify the concept tested in Question 82. Step 2: Apply the relevant rule, calculation, factual relationship, or language rule to the four choices. Step 3: The official final answer key marks option C (Green) as correct. Therefore, option C is the answer.",Driving / Motor Vehicles,"Road safety, licensing, traffic rules & vehicle regulations"
83,"576 আৰু 4/5, 5/6, 6/7-ৰ ভিতৰত আটাইতকৈ সৰু ভগ্নাংশটো কোনটো ?",,,,5 6 7 8 4 5 6 7,A,"Step 1: Identify the concept tested in Question 83. Step 2: Apply the relevant rule, calculation, factual relationship, or language rule to the four choices. Step 3: The official final answer key marks option A () as correct. Therefore, option A is the answer.",Mathematics,Arithmetic / Number System / Geometry / Algebra
84,পৌনঃপুনিক সংখ্যা 0.222...-ৰ সমতুল্য ভগ্নাংশ কোনটো ?,,,,49 9 19 9,D,"Step 1: Identify the concept tested in Question 84. Step 2: Apply the relevant rule, calculation, factual relationship, or language rule to the four choices. Step 3: The official final answer key marks option D (49 9 19 9) as correct. Therefore, option D is the answer.",Mathematics,Arithmetic / Number System / Geometry / Algebra
85,ভাৰতৰ সাধাৰণ নির্বাচনত ভোটদানৰ যোগ্য হ'বলৈ বর্তমান ন্যুনতম বয়স কিমান ?,21 (Twenty one) years,20 (Twenty) years,18 (Eighteen) years,16 (Sixteen) years,C,"Step 1: Identify the concept tested in Question 85. Step 2: Apply the relevant rule, calculation, factual relationship, or language rule to the four choices. Step 3: The official final answer key marks option C (18 (Eighteen) years) as correct. Therefore, option C is the answer.",General Awareness,"India / Assam / World GK, History, Geography, Sports & Culture"
86,নিম্নলিখিত কোনটো স্কেল ভূমিকম্পৰ প্রারল্য জুখিবৰ বাবে ব্যবহাৰ কৰা হয় ?,Richter Scale,Enhanced Fuzita Scale,Volumetric Scale,Reaumer Scale,A,"Step 1: Identify the concept tested in Question 86. Step 2: Apply the relevant rule, calculation, factual relationship, or language rule to the four choices. Step 3: The official final answer key marks option A (Richter Scale) as correct. Therefore, option A is the answer.",General Awareness,"India / Assam / World GK, History, Geography, Sports & Culture"
87,"পিতৃ-মাতৃৰ বিয়াৰ এবছৰৰ পিছত বাবলীৰ জন্ম হৈছিল। বৰ্তমান বাবলীৰ বয়স ছয় বছৰ আৰু পিতৃৰ বয়স তাইতকৈ পঁচিশ বছৰ অধিক। যদি পিতৃৰ বয়স তেওঁৰ পত্নীৰ বয়সতকৈ দুই বছৰ অধিক, তেন্তে কিমান বছৰ বয়সত বাবলীৰ মাতৃৰ বিবাহ হৈছিল ?",22 years,23 years,21 years,cannot be determined,A,"Step 1: Identify the concept tested in Question 87. Step 2: Apply the relevant rule, calculation, factual relationship, or language rule to the four choices. Step 3: The official final answer key marks option A (22 years) as correct. Therefore, option A is the answer.",General Awareness,"India / Assam / World GK, History, Geography, Sports & Culture"
88,মটৰ গাড়ীৰ দ্বাবা সংঘটিত “হিট এগু ৰান” পথ দুর্ঘটনাত মৃত্যুজনিত কাৰণত ক্ষতিপুৰণৰ ধনবাশি হৈছে [ () এক লাখ টকা,Rupees One Lakh,Rupees Two Lakhs,Rupees Two Lakh Fifty Thousand,Rupees Fifty Thousand,B,"Step 1: Identify the concept tested in Question 88. Step 2: Apply the relevant rule, calculation, factual relationship, or language rule to the four choices. Step 3: The official final answer key marks option B (Rupees Two Lakhs) as correct. Therefore, option B is the answer.",Driving / Motor Vehicles,"Road safety, licensing, traffic rules & vehicle regulations"
89,অমিল সংখ্যাটো নিৰ্ণয় কৰক।,436,298,746,639,D,"Step 1: Identify the concept tested in Question 89. Step 2: Apply the relevant rule, calculation, factual relationship, or language rule to the four choices. Step 3: The official final answer key marks option D (639) as correct. Therefore, option D is the answer.",General Awareness,"India / Assam / World GK, History, Geography, Sports & Culture"
90,নিন্ললিখিত কোন গবাকী শ্রীমন্ত শংকবদেরব প্রথম শিষ্যসমূহৰ এজন আছিল ?,Madhabdev,Lachit Barphukan,Ananta Kandali,Mahendra Narayan,A,"Step 1: Identify the concept tested in Question 90. Step 2: Apply the relevant rule, calculation, factual relationship, or language rule to the four choices. Step 3: The official final answer key marks option A (Madhabdev) as correct. Therefore, option A is the answer.",General Awareness,"India / Assam / World GK, History, Geography, Sports & Culture"
91,121 + 81 + 25-ৰ সমান কিমান ?,121,81,25,36,C,"Step 1: Identify the concept tested in Question 91. Step 2: Apply the relevant rule, calculation, factual relationship, or language rule to the four choices. Step 3: The official final answer key marks option C (25) as correct. Therefore, option C is the answer.",General Awareness,"India / Assam / World GK, History, Geography, Sports & Culture"
92,এখন ইংৰাজী অভিধানত তলত দিয়া কোনটো শব্দ প্ৰথমে আহিব ?,Hectometer,Decimeter,Kilometer,Centimeter,D,"Step 1: Identify the concept tested in Question 92. Step 2: Apply the relevant rule, calculation, factual relationship, or language rule to the four choices. Step 3: The official final answer key marks option D (Centimeter) as correct. Therefore, option D is the answer.",English,Vocabulary / Grammar / Usage
94,এক ভূখগুৰ তিনি দিশে পানীবে আবৰি থাকিলে তাক কোরা হয় £,Peninsula,Island,Isthmus,Atoll,A,"Step 1: Identify the concept tested in Question 94. Step 2: Apply the relevant rule, calculation, factual relationship, or language rule to the four choices. Step 3: The official final answer key marks option A (Peninsula) as correct. Therefore, option A is the answer.",General Awareness,"India / Assam / World GK, History, Geography, Sports & Culture"
95,এটা সমবাহু ত্ৰিভুজৰ প্ৰতিটো কোণৰ মান কিমান ?,908,608,458,308,B,"Step 1: Identify the concept tested in Question 95. Step 2: Apply the relevant rule, calculation, factual relationship, or language rule to the four choices. Step 3: The official final answer key marks option B (608) as correct. Therefore, option B is the answer.",Mathematics,Arithmetic / Number System / Geometry / Algebra
97,লঘু বাহন এখনৰ চালকে অত্যাধিক বেগত গাড়ী চলোরাৰ দণ্ড হৈছে [,"` 1,000/- to ` 2,000/-","` 3,000/-",` 500/-,"` 5,000/-",A,"Step 1: Identify the concept tested in Question 97. Step 2: Apply the relevant rule, calculation, factual relationship, or language rule to the four choices. Step 3: The official final answer key marks option A (` 1,000/- to ` 2,000/-) as correct. Therefore, option A is the answer.",Driving / Motor Vehicles,"Road safety, licensing, traffic rules & vehicle regulations"
99,এটা আয়তক্ষেত্ৰৰ পৰিসীমা 34 চে.মি. আৰু ইয়াৰ দৈৰ্ঘ্যৰ মাপ প্ৰস্থৰ মাপতকৈ 7 চে.মি. অধিক। আয়তক্ষেত্ৰটোৰ ক্ষেত্ৰফল কিমান ?,40 cm2,60 cm2,238 cm2,64 cm2,B,"Step 1: Identify the concept tested in Question 99. Step 2: Apply the relevant rule, calculation, factual relationship, or language rule to the four choices. Step 3: The official final answer key marks option B (60 cm2) as correct. Therefore, option B is the answer.",Mathematics,Arithmetic / Number System / Geometry / Algebra
100,ভাবতৰ সংবিধানৰ পিতু স্বব্ূপে কাক জনা যায় ?,Pt. Jawaharlal Nehru,Dr. Bhimrao Ambedkar,Dr. Rajendra Prasad,Dr. Sarvepalli Radhakrishnan,B,"Step 1: Identify the concept tested in Question 100. Step 2: Apply the relevant rule, calculation, factual relationship, or language rule to the four choices. Step 3: The official final answer key marks option B (Dr. Bhimrao Ambedkar) as correct. Therefore, option B is the answer.",General Awareness,"India / Assam / World GK, History, Geography, Sports & Culture"
101,অস্ট্রেলিয়াৰ বাজধানী হৈছে £,Sydney,Canberra,San Francisco,Sao Paulo,B,"Step 1: Identify the concept tested in Question 101. Step 2: Apply the relevant rule, calculation, factual relationship, or language rule to the four choices. Step 3: The official final answer key marks option B (Canberra) as correct. Therefore, option B is the answer.",General Awareness,"India / Assam / World GK, History, Geography, Sports & Culture"
102,শবাইঘাটৰ যুদ্ধত লাচিত ববফুকনৰ হাতত পবাজিত হোরা মোগল সেনাৰ সেনাপতি কোন আছিল ?,Man Singh,Vikram Singh,Vijay Singh,Ram Singh,D,"Step 1: Identify the concept tested in Question 102. Step 2: Apply the relevant rule, calculation, factual relationship, or language rule to the four choices. Step 3: The official final answer key marks option D (Ram Singh) as correct. Therefore, option D is the answer.",General Awareness,"India / Assam / World GK, History, Geography, Sports & Culture"
103,"4 6, 8, 12, 14, 18, *, *, 30 শৃংখলাটো অব্যাহত বাখিবলৈ কোন সংখ্যা বহুবাব লাগিব ?","20, 22","20, 24","20, 26","20, 28",B,"Step 1: Identify the concept tested in Question 103. Step 2: Apply the relevant rule, calculation, factual relationship, or language rule to the four choices. Step 3: The official final answer key marks option B (20, 24) as correct. Therefore, option B is the answer.",Mathematics,Arithmetic / Number System / Geometry / Algebra
104,4 অংকযুক্ত ন্যুনতম সংখ্যা আৰু 3 অংকযুক্ত সর্বোচ্চ সংখ্যাৰ মাজৰ পার্থক্য হৈছে £,1,11,101,111,A,"Step 1: Identify the concept tested in Question 104. Step 2: Apply the relevant rule, calculation, factual relationship, or language rule to the four choices. Step 3: The official final answer key marks option A (1) as correct. Therefore, option A is the answer.",Mathematics,Arithmetic / Number System / Geometry / Algebra
105,নতুনকৈ পঞ্জীয়ন কৰা এখন বাহনে কিমান দিন সম্পূৰ্ণ কৰিলে প্ৰদূষণ নিয়ন্ত্ৰণ প্ৰমাণপত্ৰ ল’ব লাগে ?,1 year,2 years,6 months,3 years,A,"Step 1: Identify the concept tested in Question 105. Step 2: Apply the relevant rule, calculation, factual relationship, or language rule to the four choices. Step 3: The official final answer key marks option A (1 year) as correct. Therefore, option A is the answer.",Driving / Motor Vehicles,"Road safety, licensing, traffic rules & vehicle regulations"
106,পবিবাহক বাহনৰ ড্রাইভিং লাইচেঞ্চ পাবৰ বাবে আবেদনকাবীব ন্যুনতম কেই বছৰৰ বাবে লঘু বাহনৰ ড্রাইভিং লাইচেঞ্চ থাকিব লাগিব £,3 years,1 year,2 years,5 years,B,"Step 1: Identify the concept tested in Question 106. Step 2: Apply the relevant rule, calculation, factual relationship, or language rule to the four choices. Step 3: The official final answer key marks option B (1 year) as correct. Therefore, option B is the answer.",Driving / Motor Vehicles,"Road safety, licensing, traffic rules & vehicle regulations"
107,তলত দিয়া কোনটো স্থানত বৃহত্তম ক্ৰিকেট ষ্টেডিয়ামটো আছে ?,Dharamshala,Kolkata,Motera,Hyderabad,C,"Step 1: Identify the concept tested in Question 107. Step 2: Apply the relevant rule, calculation, factual relationship, or language rule to the four choices. Step 3: The official final answer key marks option C (Motera) as correct. Therefore, option C is the answer.",General Awareness,"India / Assam / World GK, History, Geography, Sports & Culture"
108,ইউৰোপৰ পৰা ভাৰতলৈ সাগৰীয় পথটো কোনে বিচাৰি উলিয়াইছিল ?,Christopher Columbus,Marco Polo,Vasco da Gama,James Cook,C,"Step 1: Identify the concept tested in Question 108. Step 2: Apply the relevant rule, calculation, factual relationship, or language rule to the four choices. Step 3: The official final answer key marks option C (Vasco da Gama) as correct. Therefore, option C is the answer.",General Awareness,"India / Assam / World GK, History, Geography, Sports & Culture"
109,নিম্নলিখিত কোনটো ভাৰতৰ এক কেন্দ্রশাসিত অঞ্চল ?,Jammu and Kashmir,Goa,Sikkim,Telangana,A,"Step 1: Identify the concept tested in Question 109. Step 2: Apply the relevant rule, calculation, factual relationship, or language rule to the four choices. Step 3: The official final answer key marks option A (Jammu and Kashmir) as correct. Therefore, option A is the answer.",General Awareness,"India / Assam / World GK, History, Geography, Sports & Culture"
110,নিন্নলিখিত কোনটো এক মহাদেশৰ নাম নহয় ?,North America,South America,Arctic,Antarctica,C,"Step 1: Identify the concept tested in Question 110. Step 2: Apply the relevant rule, calculation, factual relationship, or language rule to the four choices. Step 3: The official final answer key marks option C (Arctic) as correct. Therefore, option C is the answer.",General Awareness,"India / Assam / World GK, History, Geography, Sports & Culture"
111,ভাৰতৰ পেট্ৰ’ল চালিত গাড়ীসমূহত নিম্নলিখিত কোনবিধ সঁজুলি থকাটো বাধ্যতামূলক ?,Spare wheel,Windshield wipers,Catalytic converter,GPS tracker Paper-V/A 53 P.T.O,C,"Step 1: Identify the concept tested in Question 111. Step 2: Apply the relevant rule, calculation, factual relationship, or language rule to the four choices. Step 3: The official final answer key marks option C (Catalytic converter) as correct. Therefore, option C is the answer.",Driving / Motor Vehicles,"Road safety, licensing, traffic rules & vehicle regulations"
112,কোনো এক দশমিক সংখ্যাৰ দশমিক বিন্দুটোক তিনিটা অংক সৌফালে স্থানান্তবিত কৰিবৰ বাবে সংখ্যাটোক পুৰণ কৰিবলগা গুণকটো হৈছে £,10,100,"1,000","10,000",C,"Step 1: Identify the concept tested in Question 112. Step 2: Apply the relevant rule, calculation, factual relationship, or language rule to the four choices. Step 3: The official final answer key marks option C (1,000) as correct. Therefore, option C is the answer.",Mathematics,Arithmetic / Number System / Geometry / Algebra
113,অস্মিতা চলিহাই কোন খেলত ভাৰতৰ হৈ খেলে ?,Badminton,Table Tennis,Lawn Tennis,Lawn Bowl,A,"Step 1: Identify the concept tested in Question 113. Step 2: Apply the relevant rule, calculation, factual relationship, or language rule to the four choices. Step 3: The official final answer key marks option A (Badminton) as correct. Therefore, option A is the answer.",General Awareness,"India / Assam / World GK, History, Geography, Sports & Culture"
114,নিম্নলিখিত সমূহৰ কোনটো এটা মহাদেশৰ নাম ?,Austria,Armenia,Andrea,Australia,D,"Step 1: Identify the concept tested in Question 114. Step 2: Apply the relevant rule, calculation, factual relationship, or language rule to the four choices. Step 3: The official final answer key marks option D (Australia) as correct. Therefore, option D is the answer.",General Awareness,"India / Assam / World GK, History, Geography, Sports & Culture"
115,এটা দশমিক সংখ্যাৰ দশমিক বিন্দুটো দুটা অংক বাওঁফাললৈ স্থানান্তৰিত কৰিবলৈ হৰণ কৰিবলগীয়া সংখ্যাটো কি ?,0.1,10,100,1000,C,"Step 1: Identify the concept tested in Question 115. Step 2: Apply the relevant rule, calculation, factual relationship, or language rule to the four choices. Step 3: The official final answer key marks option C (100) as correct. Therefore, option C is the answer.",Mathematics,Arithmetic / Number System / Geometry / Algebra
116,95-ক দশমিক সংখ্যাত প্ৰকাশ কৰিলে হ’ব —,0.5,0.75,0.65,0.25 3 /10,D,"Step 1: Identify the concept tested in Question 116. Step 2: Apply the relevant rule, calculation, factual relationship, or language rule to the four choices. Step 3: The official final answer key marks option D (0.25 3 /10) as correct. Therefore, option D is the answer.",Mathematics,Arithmetic / Number System / Geometry / Algebra
117,"এজন ব্যক্তিয়ে এটা ত্ৰুটিপূৰ্ণ সামগ্ৰী ₹900-ত ক্ৰয় কৰে, ₹100-ত মেৰামতি কৰে আৰু সামগ্ৰীটো ₹1800-ত বিক্ৰী কৰে। তেওঁৰ লাভৰ শতকৰা হাৰ কিমান ?",100%,80%,90%,180%,B,"Step 1: Identify the concept tested in Question 117. Step 2: Apply the relevant rule, calculation, factual relationship, or language rule to the four choices. Step 3: The official final answer key marks option B (80%) as correct. Therefore, option B is the answer.",Mathematics,Arithmetic / Number System / Geometry / Algebra
118,উইনষ্টন চার্টিল কোনখন দেশৰ প্রধানমন্ত্রী আছিল ?,United Kingdom,Brazil,United States of America,Switzerland,A,"Step 1: Identify the concept tested in Question 118. Step 2: Apply the relevant rule, calculation, factual relationship, or language rule to the four choices. Step 3: The official final answer key marks option A (United Kingdom) as correct. Therefore, option A is the answer.",General Awareness,"India / Assam / World GK, History, Geography, Sports & Culture"
121,এটা বর্গক্ষেত্রৰ ক্ষেত্রফল হৈছে 169 মিটাবহ। বর্গক্ষেত্রটোৰ বাহুৰ জোখ হ'ব 8,17 metre,19 metre,12 metre,13 metre,D,"Step 1: Identify the concept tested in Question 121. Step 2: Apply the relevant rule, calculation, factual relationship, or language rule to the four choices. Step 3: The official final answer key marks option D (13 metre) as correct. Therefore, option D is the answer.",Mathematics,Arithmetic / Number System / Geometry / Algebra
124,কোনখন দেশত 2020 গ্ৰীষ্মকালীন অলিম্পিক খেল অনুষ্ঠিত হৈছিল ?,South Korea,Japan,China,Singapore,B,"Step 1: Identify the concept tested in Question 124. Step 2: Apply the relevant rule, calculation, factual relationship, or language rule to the four choices. Step 3: The official final answer key marks option B (Japan) as correct. Therefore, option B is the answer.",Mathematics,Arithmetic / Number System / Geometry / Algebra
125,425639-ত “5”-ৰ স্থানীয় মান হৈছে —,5600,25000,5000,5639,C,"Step 1: Identify the concept tested in Question 125. Step 2: Apply the relevant rule, calculation, factual relationship, or language rule to the four choices. Step 3: The official final answer key marks option C (5000) as correct. Therefore, option C is the answer.",Mathematics,Arithmetic / Number System / Geometry / Algebra
126,ইষ্ট ইণ্ডিয়া কোম্পানীৰ বিৰুদ্ধে 1857 চনত হোৱা বিদ্ৰোহক নিম্নলিখিত কোন গৰাকী ৰাণীয়ে নেতৃত্ব দিছিল ?,Rani Ahilya Bai,Rani Laxmi Bai,Chand Bibi,Rezia Sultana,B,"Step 1: Identify the concept tested in Question 126. Step 2: Apply the relevant rule, calculation, factual relationship, or language rule to the four choices. Step 3: The official final answer key marks option B (Rani Laxmi Bai) as correct. Therefore, option B is the answer.",General Awareness,"India / Assam / World GK, History, Geography, Sports & Culture"
127,শুদ্ধ বানানযুক্ত পদটো চিনাক্ত কৰক।,Traffic Single,Traffic Signel,Traffic Signal,Trafic Signal,C,"Step 1: Identify the concept tested in Question 127. Step 2: Apply the relevant rule, calculation, factual relationship, or language rule to the four choices. Step 3: The official final answer key marks option C (Traffic Signal) as correct. Therefore, option C is the answer.",English,Vocabulary / Grammar / Usage
128,অসমত বাণিজ্যিক বাহনৰ ক্ষেত্রত নি্নলিখিত কোনটো বাধ্যতামূলক নহয় ?,Vehicle Registration,Night Driving permit,Pollution Under Control,Fitness Certificate,B,"Step 1: Identify the concept tested in Question 128. Step 2: Apply the relevant rule, calculation, factual relationship, or language rule to the four choices. Step 3: The official final answer key marks option B (Night Driving permit) as correct. Therefore, option B is the answer.",Driving / Motor Vehicles,"Road safety, licensing, traffic rules & vehicle regulations"
129,এম্বুলেন্সসমূহত ৰঙা আৰু নীলা লাইট কিয় ব্যৱহাৰ কৰা হয় ?,"To alert all drivers, even those with colour blindness",Because they look good,Red stands for danger and Blue for emergency,They can be seen from far,D,"Step 1: Identify the concept tested in Question 129. Step 2: Apply the relevant rule, calculation, factual relationship, or language rule to the four choices. Step 3: The official final answer key marks option D (They can be seen from far) as correct. Therefore, option D is the answer.",Driving / Motor Vehicles,"Road safety, licensing, traffic rules & vehicle regulations"
132,"12, 24 আৰু 30 ৰ গসাগু হৈছে ঃ",2,3,6,12,C,"Step 1: Identify the concept tested in Question 132. Step 2: Apply the relevant rule, calculation, factual relationship, or language rule to the four choices. Step 3: The official final answer key marks option C (6) as correct. Therefore, option C is the answer.",Mathematics,Arithmetic / Number System / Geometry / Algebra
133,ভাৰতৰ কেন্দ্ৰীয় বাজেট কোনে দাখিল কৰে ?,The Finance Minister,The Prime Minister,The Home Minister,The President of India,A,"Step 1: Identify the concept tested in Question 133. Step 2: Apply the relevant rule, calculation, factual relationship, or language rule to the four choices. Step 3: The official final answer key marks option A (The Finance Minister) as correct. Therefore, option A is the answer.",General Awareness,"India / Assam / World GK, History, Geography, Sports & Culture"
134,টুইটাৰৰ নতুন নাম কি ?,AXE,XX,EAX,X,D,"Step 1: Identify the concept tested in Question 134. Step 2: Apply the relevant rule, calculation, factual relationship, or language rule to the four choices. Step 3: The official final answer key marks option D (X) as correct. Therefore, option D is the answer.",General Awareness,"India / Assam / World GK, History, Geography, Sports & Culture"
135,ভাৰতলৈ ঘূৰি অহাৰ পূৰ্বে মোহনদাস কৰমচান্দ গান্ধী কোন দেশত আছিল ?,South Africa,Uganda,Egypt,Sri Lanka,A,"Step 1: Identify the concept tested in Question 135. Step 2: Apply the relevant rule, calculation, factual relationship, or language rule to the four choices. Step 3: The official final answer key marks option A (South Africa) as correct. Therefore, option A is the answer.",General Awareness,"India / Assam / World GK, History, Geography, Sports & Culture"
136,সংখ্যাৰ এটা ক্রম এনেদৰে আছে যাতে প্রতিটো সংখ্যা ইয়াৰ পূর্বৰ সংখ্যাটোতকৈ 3 অধিক। ক্রমটো -2 বে আবন্ত কৰিলে ইয়াৰ দশম সংখ্যাটো হৈছে ঃ,23,25,28,30,B,"Step 1: Identify the concept tested in Question 136. Step 2: Apply the relevant rule, calculation, factual relationship, or language rule to the four choices. Step 3: The official final answer key marks option B (25) as correct. Therefore, option B is the answer.",Mathematics,Arithmetic / Number System / Geometry / Algebra
137,একেধৰণৰ নহোৱা পদটো চিনাক্ত কৰক।,Payment,Rent,Price,Bill,A,"Step 1: Identify the concept tested in Question 137. Step 2: Apply the relevant rule, calculation, factual relationship, or language rule to the four choices. Step 3: The official final answer key marks option A (Payment) as correct. Therefore, option A is the answer.",General Awareness,"India / Assam / World GK, History, Geography, Sports & Culture"
140,কোনখন যুদ্ধত ইষ্ট ইণ্ডিয়া কোম্পানীৰ সেনাই চিৰাজউদ্দৌলাক পৰাজিত কৰিছিল ?,Battle of Buxar,Battle of Plassey,Battle of Nalapani,Battle of Jhelum,B,"Step 1: Identify the concept tested in Question 140. Step 2: Apply the relevant rule, calculation, factual relationship, or language rule to the four choices. Step 3: The official final answer key marks option B (Battle of Plassey) as correct. Therefore, option B is the answer.",General Awareness,"India / Assam / World GK, History, Geography, Sports & Culture"
142,অসমৰ পৌৰ এলেকাৰ পথত মটৰ চাইকেলৰ বাবে উচ্চতম গতি সীমা হৈছে —,80 km/hour,70 km/hour,60 km/hour,50 km/hour,D,"Step 1: Identify the concept tested in Question 142. Step 2: Apply the relevant rule, calculation, factual relationship, or language rule to the four choices. Step 3: The official final answer key marks option D (50 km/hour) as correct. Therefore, option D is the answer.",Driving / Motor Vehicles,"Road safety, licensing, traffic rules & vehicle regulations"
143,দীপা কৰ্মকাৰে কোনবিধ খেলত ভাৰতক প্ৰতিনিধিত্ব কৰিছিল ?,Badminton,Shooting,Gymnastics,Table Tennis,C,"Step 1: Identify the concept tested in Question 143. Step 2: Apply the relevant rule, calculation, factual relationship, or language rule to the four choices. Step 3: The official final answer key marks option C (Gymnastics) as correct. Therefore, option C is the answer.",General Awareness,"India / Assam / World GK, History, Geography, Sports & Culture"
145,বৰডুবি টিলিঙা মন্দিৰ কোনখন নগৰৰ সমীপত অৱস্থিত ?,Bongaigaon,Dhemaji,Tezpur,Duliajan,D,"Step 1: Identify the concept tested in Question 145. Step 2: Apply the relevant rule, calculation, factual relationship, or language rule to the four choices. Step 3: The official final answer key marks option D (Duliajan) as correct. Therefore, option D is the answer.",General Awareness,"India / Assam / World GK, History, Geography, Sports & Culture"
146,এটা চতুৰ্ভুজৰ কোণসমূহৰ মুঠ যোগফল কিমান ?,908,1808,3608,4008,C,"Step 1: Identify the concept tested in Question 146. Step 2: Apply the relevant rule, calculation, factual relationship, or language rule to the four choices. Step 3: The official final answer key marks option C (3608) as correct. Therefore, option C is the answer.",Mathematics,Arithmetic / Number System / Geometry / Algebra
148,জংকি আৰু পানেই কোন সম্প্ৰদায়ক ভিত্তি কৰি লিখা গল্পৰ দুটা চৰিত্ৰ ?,Dimasa,Idu Misimi,Mising,Singpho,C,"Step 1: Identify the concept tested in Question 148. Step 2: Apply the relevant rule, calculation, factual relationship, or language rule to the four choices. Step 3: The official final answer key marks option C (Mising) as correct. Therefore, option C is the answer.",General Awareness,"India / Assam / World GK, History, Geography, Sports & Culture"
149,"ত্ৰিকোণীয় আকৃতিৰ যান-বাহন পথৰ চিহ্নটো যিটো শ্ৰেণীৰ অন্তৰ্ভুক্ত, সেয়া হৈছে —",Mandatory,Informative,Cautionary,Emergency,C,"Step 1: Identify the concept tested in Question 149. Step 2: Apply the relevant rule, calculation, factual relationship, or language rule to the four choices. Step 3: The official final answer key marks option C (Cautionary) as correct. Therefore, option C is the answer.",Driving / Motor Vehicles,"Road safety, licensing, traffic rules & vehicle regulations"
150,"যদি 12 টা আমৰ দাম ₹300 আৰু 15 টা আপেলৰ দাম ₹450 হয়, তেন্তে 4 টা আম আৰু 3 টা আপেলৰ ক্ৰয়ৰ বাবে মুঠ খৰচ কিমান ?",` 290,` 109,` 190,` 209,C,"Step 1: Identify the concept tested in Question 150. Step 2: Apply the relevant rule, calculation, factual relationship, or language rule to the four choices. Step 3: The official final answer key marks option C (` 190) as correct. Therefore, option C is the answer.",Mathematics,Arithmetic / Number System / Geometry / Algebra
